Primer Nombre,Apellido,Salario,Pais Residencia,Hijos,Pais Origen,Experiencia,Contratacion
Cassandre,Lassell,$3141.81,United States,1,Brazil,3,2015
Maury,Fearnyhough,$3349.32,United States,3,Brazil,0,2015
Mariellen,Clarey,$4209.52,Brazil,2,,8,2020
Chickie,Sheards,$3611.77,Brazil,0,United States,4,2016
Eddi,McGinlay,$2857.40,Brazil,2,United States,2,2017
Sophie,Le Fleming,$2533.28,United States,2,United States,5,2020
Ava,Tibbits,$2143.19,Brazil,3,Brazil,9,2020
Tate,Roby,$4151.28,United States,2,Chile,2,2017
Karly,Cullity,$2249.38,Brazil,1,Chile,1,2019
Donielle,,$1098.98,,3,Brazil,2,2016
Dorine,Ceschelli,$2197.05,Brazil,2,Peru,6,2022
Kellen,Cavet,$3881.44,Peru,3,Brazil,1,2023
Dunn,Boliver,$3766.27,United States,0,Chile,6,2023
Judie,Lansbury,$2628.16,Brazil,0,Peru,2,2015
Bartolomeo,Huot,$3301.13,United States,1,Brazil,4,2018
Gordon,Edgerley,$2172.11,United States,2,Italy,9,2019
Lindsey,,$1174.00,,1,United States,3,2015
Cyrillus,Bielfeld,$2870.91,Brazil,2,Peru,5,2017
Rhonda,Meadowcroft,$1550.85,Brazil,3,Brazil,8,2021
Danella,Vose,$1372.27,Brazil,2,Brazil,4,2019
Ingar,Wolver,$1543.32,Peru,,,6,2016
Jameson,Headech,$4112.70,Brazil,2,Brazil,1,2020
Westleigh,Parry,$2814.46,Brazil,1,Brazil,1,2016
Queenie,Bunney,$3739.60,United States,2,Brazil,8,2022
Emelina,De Paepe,$4042.72,Brazil,0,Brazil,3,2015
Erek,Gormally,$2109.61,Brazil,1,Brazil,1,2020
Raychel,Sowden,$2784.63,Costa Rica,0,United States,1,2019
Camila,Pollard,$2070.05,Brazil,2,United States,0,2019
Kean,Limerick,$2063.85,Brazil,2,United States,3,2015
Padget,Taffs,$2533.92,Brazil,1,Peru,7,2016
Bea,Lukock,$4643.86,United States,3,Peru,6,2021
Gloriana,Rait,$4936.38,Brazil,1,United States,9,2022
Carolann,Ead,$1228.58,Brazil,3,Peru,4,2018
Tiphany,,$3116.32,,0,Peru,9,2023
Ethel,Sergant,$3325.56,Brazil,0,United States,8,2023
Benny,Pratty,$4487.10,Brazil,3,Brazil,7,2019
Birgit,Ondrousek,$3305.33,Brazil,1,Brazil,0,2016
Hilda,Gooden,$2734.80,United States,,,5,2018
Tully,Romagnosi,$2735.11,Peru,1,Italy,3,2016
Lynnea,Ozintsev,$4752.23,Peru,2,Brazil,10,2023
Maxy,Plank,$4147.56,Brazil,1,Peru,2,2022
Brinna,Hurtic,$2739.69,United States,2,Brazil,6,2016
Hubey,Penhalewick,$3729.35,Brazil,0,United States,3,2016
Layney,Evens,$3547.21,Australia,1,Brazil,4,2016
Alecia,MacCroary,$2056.25,United States,2,Peru,4,2023
Doris,Imeson,$3684.19,Brazil,3,Brazil,7,2017
Arron,Tower,$1424.70,United States,0,,5,2015
Ailene,Duley,$2874.12,United States,1,Brazil,6,2016
Demetrius,Deelay,$4878.30,Brazil,1,Brazil,7,2018
Mahmoud,Sibbet,$1613.34,United States,0,Peru,3,2023
Rois,Beak,$3890.49,Peru,3,Peru,1,2020
Dominick,Iskower,$2702.54,Peru,0,Peru,5,2017
Egon,Petracchi,$2950.31,United States,1,Brazil,3,2019
Darda,Earry,$3868.90,United States,1,Brazil,2,2015
Roberta,Dobrowlski,$2032.87,Brazil,,,3,2020
Karlotte,Klewi,$4812.84,United States,1,Brazil,8,2015
Sibilla,Blackden,$3403.47,United States,3,Brazil,3,2015
Sheffield,Bellow,$2948.71,United States,2,Italy,5,2022
Samuel,Thuillier,$3755.77,Peru,1,Costa Rica,0,2021
Terrance,Lingner,$3100.37,United States,0,United States,0,2021
Gretta,Rowatt,$3148.73,Brazil,2,Brazil,5,2021
Sofia,Gowrich,$4260.73,Brazil,0,Brazil,4,2021
Ophelie,Bohea,$1743.31,Peru,0,United States,2,2015
Joell,Youhill,$1364.41,Brazil,3,Costa Rica,5,2020
Alysa,Malins,$4531.64,United States,2,Brazil,8,2017
Zonnya,Cowlin,$4930.77,Peru,2,Brazil,5,2022
Christa,Charlewood,$3138.04,Peru,2,Brazil,1,2019
Stanford,Yakushkin,$4234.10,Brazil,1,Brazil,8,2016
Gratiana,Leyman,$1656.15,Brazil,3,United States,2,2023
Nariko,Filewood,$2635.97,Brazil,1,Peru,5,2015
Brew,Cromie,$2605.89,Brazil,2,Peru,9,2020
Cecilia,Limprecht,$4715.37,Brazil,1,Brazil,5,2021
Friedrich,Stampe,$4653.38,Peru,3,United States,9,2018
Grantley,Woolatt,$4381.52,Peru,1,Brazil,3,2021
Brewer,Crewther,$4323.21,Peru,3,Brazil,0,2021
Fawnia,Bouskill,$2363.93,United States,2,Brazil,3,2021
Jonell,Antonognoli,$1129.42,Brazil,0,Brazil,8,2015
Chelsie,Yeomans,$1503.62,United States,1,,0,2023
Sinclare,Fassmann,$4055.22,United States,0,Brazil,4,2015
Rosamond,Adenot,$3292.22,United States,1,Brazil,6,2017
Suzi,Brayn,$3720.33,Brazil,3,Brazil,6,2020
Phillis,Lardeux,$3067.71,United States,0,United States,0,2023
Arv,Albarez,$2750.15,United States,3,Brazil,4,2023
Giselbert,Elington,$2584.68,Peru,3,Peru,4,2017
Alonso,Simonetti,$2800.31,Brazil,0,United States,4,2023
Bartlett,Colson,$2268.07,Brazil,1,Peru,0,2016
Josephina,Busson,$3618.08,Peru,3,Brazil,3,2023
Wendeline,McDill,$2668.42,Peru,0,Italy,2,2019
Tarrah,Crichmer,$4010.51,Brazil,1,United States,6,2019
Raddie,Fassan,$4852.13,Brazil,2,United States,1,2019
Mariya,Harriss,$4663.96,United States,2,Brazil,5,2020
Moreen,Stych,$2471.87,Brazil,3,United States,6,2018
Nicko,Manklow,$2829.80,Costa Rica,1,Brazil,0,2023
Maryjane,Franciskiewicz,$1131.34,United States,0,Costa Rica,2,2015
Chryste,Bovey,$3468.34,Brazil,0,Brazil,1,2020
Lesley,Rysom,$3293.20,Brazil,2,Brazil,1,2017
Dean,Guttridge,$4087.16,Brazil,0,United States,6,2016
Jourdain,Worssam,$1655.46,United States,3,United States,2,2017
Adolphus,Reilingen,$1670.17,Peru,2,United States,3,2021
Sigismondo,De la croix,$2074.05,Peru,0,Peru,10,2018
Edsel,Wemm,$4871.16,United States,0,Peru,4,2022
Lowrance,Timny,$2565.09,Brazil,,,6,2016
Morgen,Melmoth,$3064.09,Peru,0,United States,7,2016
Marie,,$3083.98,,1,United States,10,2016
Ring,Yeude,$3429.38,Brazil,0,United States,4,2017
Gabriel,Berget,$3373.70,Brazil,,,3,2016
Somerset,Coronas,$2888.51,Brazil,2,Peru,5,2019
Roxana,Dudeney,$2877.22,Brazil,2,Chile,4,2021
Ronica,Gibby,$1944.78,Brazil,1,Brazil,7,2018
Brnaby,Rudall,$1805.02,Brazil,1,Brazil,2,2021
Micah,,$1756.26,,1,United States,10,2021
Foster,,$2896.62,,2,Brazil,3,2023
Scarface,Yakunin,$2691.41,Brazil,0,Brazil,1,2023
Gav,Surgey,$2874.50,Costa Rica,0,Brazil,0,2020
Alica,Paslow,$3647.38,United States,2,Brazil,10,2017
Thornie,Kenefick,$1482.92,Brazil,1,United States,3,2018
Chris,,$4463.31,,0,Peru,3,2018
Rayner,McCray,$1395.53,Brazil,1,United States,10,2018
Leshia,Mullaney,$4413.26,Brazil,0,Brazil,5,2020
Kenna,Grece,$4142.87,Brazil,0,United States,4,2023
Luz,Glitherow,$3705.62,Peru,1,Brazil,0,2021
Vitoria,,$1937.65,,2,United States,4,2016
Krispin,Catlin,$3658.87,Brazil,1,,8,2018
Caryn,Slany,$4696.13,Brazil,3,Peru,6,2019
Riccardo,Yoseloff,$1087.37,Brazil,2,Brazil,1,2022
Ethelind,De Goey,$1376.10,Peru,2,United States,0,2020
Isaac,Chimenti,$2455.49,Brazil,2,Brazil,5,2023
Corny,Gillespey,$4267.01,Brazil,2,Brazil,6,2018
Milo,Kobierra,$4194.43,Brazil,3,Brazil,7,2022
Niall,Babonau,$3705.49,United States,0,Brazil,1,2016
Auguste,Dorkens,$4227.57,Brazil,2,Peru,0,2022
Nicoli,Dur,$3797.86,Brazil,3,United States,3,2022
Avram,Questier,$4587.32,Peru,2,Brazil,10,2020
Jarret,,$4774.05,,2,Brazil,9,2021
Justine,Harrill,$2145.76,Peru,1,Brazil,7,2019
Fara,,$4979.66,,0,Peru,2,2021
Zora,Thrussell,$4324.04,United States,0,Brazil,6,2022
Meredithe,Yakovitch,$1912.89,Brazil,1,Brazil,3,2021
Corri,Vogele,$1383.85,United States,2,Brazil,7,2019
Gayle,Arndtsen,$3508.83,Peru,0,Brazil,2,2018
Freemon,MacGorrie,$4589.98,Peru,0,Brazil,6,2023
Olwen,Tourot,$2099.17,United States,2,Brazil,10,2023
Ricki,Lis,$1539.93,Peru,1,Costa Rica,5,2015
Kevyn,Gourlie,$3440.20,Brazil,2,United States,4,2019
Pansy,Fromont,$2007.18,Brazil,3,Brazil,2,2017
Ameline,O' Lone,$1683.40,Brazil,3,Brazil,1,2021
Keary,Rose,$3833.53,Brazil,2,Brazil,10,2021
Enrika,Cod,$3071.16,Brazil,3,Brazil,4,2022
Prissie,Sleeford,$4826.46,Brazil,2,Peru,0,2021
Mayne,Scolding,$4759.80,United States,0,Peru,4,2023
Esma,Englishby,$3775.72,Brazil,3,Peru,8,2017
Edd,Abbot,$4766.22,Brazil,2,United States,10,2016
Benton,Redish,$2340.93,Peru,2,United States,10,2020
Maye,Sander,$2885.94,Brazil,0,United States,2,2021
Mei,Grewar,$4887.25,United States,3,United States,2,2023
Milka,Ambrogelli,$4598.48,Brazil,2,Peru,0,2023
Virgil,Gaitone,$4786.42,United States,0,Brazil,6,2023
May,Preddle,$3590.02,United States,3,United States,10,2019
Fenelia,Balfre,$4896.68,Brazil,3,Brazil,2,2021
Hyacintha,Godwyn,$2702.76,Peru,3,United States,3,2017
Derwin,Rand,$3528.29,Brazil,3,Italy,8,2022
Vanna,Praundlin,$3139.55,United States,2,Brazil,7,2022
Bendick,Drinkel,$3093.49,United States,0,Brazil,7,2017
Phoebe,,$4145.54,,0,Brazil,7,2022
Violet,Faircliffe,$3602.01,Brazil,2,Brazil,8,2019
Zondra,Dalliwater,$4380.29,Peru,3,Brazil,2,2016
Gilbert,Tosney,$3373.02,Brazil,1,United States,2,2016
Chip,Shepstone,$3170.41,Peru,1,Brazil,5,2017
Niel,Kondrat,$1925.67,Brazil,0,Brazil,2,2019
Sharona,Ethelston,$4469.36,Brazil,0,Brazil,5,2020
Ode,Daysh,$3972.79,Brazil,0,United States,3,2016
Marja,Borzone,$1651.81,Costa Rica,1,,6,2023
Emelia,Coyish,$3683.00,Brazil,0,Brazil,0,2015
Constantina,Hathaway,$1257.97,United States,2,United States,9,2015
Dagny,Bertson,$3883.80,Brazil,3,Peru,7,2016
Nolie,Fishbourn,$2180.79,Brazil,2,United States,7,2020
Shirleen,Glasgow,$2239.24,United States,3,Brazil,2,2018
Frederich,Ollier,$1644.91,United States,0,Brazil,6,2023
Yance,Douche,$4698.52,Australia,2,United States,1,2015
Ilysa,Haslen,$1297.93,Brazil,0,United States,4,2021
Kelci,Ponsford,$3654.59,Brazil,2,Peru,0,2017
Ly,Dundendale,$2177.94,Brazil,2,Chile,5,2020
Idette,Dunton,$2990.00,Brazil,2,Brazil,0,2020
Mayer,Rizzardo,$2488.53,United States,2,United States,6,2019
Geoffry,Shute,$1493.46,Brazil,1,Costa Rica,2,2021
Milzie,Norssister,$3947.71,Brazil,2,United States,0,2018
Issy,Daintry,$4587.91,Brazil,2,United States,4,2015
Montague,,$3274.94,,2,Brazil,7,2023
Lenee,Gubbin,$1637.25,United States,3,Peru,8,2020
Marabel,Moakes,$4859.07,Brazil,3,Italy,9,2020
Sidonnie,Hazart,$1834.64,Peru,0,Peru,3,2018
Emmalyn,Stallibrass,$2553.56,Costa Rica,2,United States,8,2021
Junia,Doorey,$3474.39,Brazil,3,Brazil,6,2021
Cirstoforo,Jost,$4342.85,Brazil,1,Peru,2,2018
Junie,Church,$2182.05,Brazil,0,Peru,3,2022
Leonard,Chantler,$3602.57,Peru,0,Peru,2,2021
Aliza,Pfertner,$2743.62,Brazil,2,Italy,9,2017
Pierce,McKie,$1656.13,United States,1,Australia,9,2017
Elysha,Extal,$2600.38,Brazil,0,United States,0,2017
Howard,Ruperto,$4516.07,Brazil,3,Brazil,4,2018
Boy,Trittam,$4192.09,Brazil,3,Peru,6,2015
Betti,Harradine,$3749.73,United States,3,United States,6,2020
Osmond,Biaggioni,$2294.01,Peru,0,Brazil,10,2019
Courtnay,Whittington,$1598.65,Brazil,0,United States,1,2017
Biddie,Tregido,$3243.61,Peru,1,Brazil,10,2020
Rasla,Ayshford,$4755.53,Brazil,3,Chile,10,2019
Shae,Waggatt,$4149.13,Peru,2,Brazil,9,2022
Eloise,Bisco,$4185.00,Brazil,0,Peru,5,2023
Stanislaw,O'Geneay,$1470.34,United States,3,Italy,3,2017
Philomena,Edelheid,$4368.54,Brazil,2,Brazil,5,2015
Sylvester,Franzotto,$1432.17,Peru,3,United States,10,2020
Gwendolin,Irvine,$1345.47,Brazil,2,Peru,7,2015
Thomasine,Stares,$3504.34,Brazil,2,Peru,9,2021
Aylmar,Pyford,$4475.60,United States,2,,9,2019
Dinnie,Goulter,$2034.81,United States,1,United States,6,2019
Agathe,Chiddy,$2367.54,Peru,3,Brazil,4,2021
Domeniga,Bumphries,$1161.76,Peru,1,Peru,4,2023
Olympia,Jillett,$4206.88,Brazil,0,Brazil,9,2022
Reynard,Lipyeat,$4892.15,Costa Rica,2,Brazil,8,2016
Germana,Goodhall,$3621.91,United States,1,Brazil,10,2020
Garret,Boorne,$4276.62,Brazil,1,Brazil,7,2017
Pandora,Vance,$3042.79,Brazil,1,United States,6,2015
Marlane,de Nore,$3101.48,Peru,3,Peru,5,2022
Frank,Dwerryhouse,$2890.33,Peru,2,United States,5,2023
Sunny,Bozward,$2481.61,United States,0,Brazil,7,2016
Cirilo,Ganley,$2856.90,Brazil,,,3,2017
Husain,Jantet,$1911.55,United States,,,10,2019
Suzann,Petrolli,$4949.33,Brazil,0,United States,1,2023
Ulrikaumeko,Boother,$3150.29,Brazil,0,United States,5,2016
Garey,Baptista,$2712.27,Brazil,2,Peru,2,2018
Garvin,Tume,$4357.25,Peru,2,United States,0,2021
Val,Decaze,$2309.25,United States,1,Peru,6,2018
Jermaine,Standall,$2933.91,Costa Rica,3,United States,0,2023
Margarette,Littlechild,$2823.43,Brazil,,,10,2018
Thurston,Wilflinger,$1166.29,Costa Rica,1,Chile,1,2019
Ashil,Tynnan,$2594.71,United States,2,United States,5,2015
Tull,Larkworthy,$3977.83,Peru,1,Peru,2,2017
Milly,Wenger,$2763.10,Brazil,0,Brazil,6,2021
Ezekiel,Gloyens,$1303.25,Costa Rica,2,Brazil,2,2015
Nickie,Jonson,$2784.82,Brazil,1,Brazil,4,2019
Celia,Rottcher,$3121.37,Brazil,1,Brazil,6,2016
Itch,Le Guin,$1109.01,United States,1,Brazil,3,2023
Nicki,Ollerton,$1594.93,United States,0,Brazil,4,2015
Phylis,Sissel,$3096.93,Brazil,3,United States,0,2016
Yalonda,Shubotham,$4856.48,United States,1,United States,3,2019
Nelli,Pollok,$1743.56,Brazil,,,8,2022
Sara,Dikelin,$3375.95,Peru,3,Peru,3,2017
Alexia,Peachman,$2744.88,Peru,3,Brazil,5,2022
Bank,Lansdale,$3139.57,Brazil,,,5,2018
Editha,Giacobilio,$4791.97,Peru,,,5,2020
Rance,Krzysztofiak,$4784.20,Brazil,0,United States,0,2015
Delano,Moorwood,$3300.40,United States,1,United States,10,2022
Fabiano,Chicotti,$1520.56,United States,2,,6,2019
Tony,Broun,$3917.75,United States,2,Brazil,0,2023
Albie,Norcock,$2973.95,Brazil,2,Brazil,6,2022
Dene,Sudworth,$4181.12,United States,0,Peru,2,2021
Titos,Royall,$3577.57,United States,3,Italy,10,2015
Rora,Tregenza,$3915.55,United States,2,Brazil,1,2021
Evaleen,Blemings,$3255.16,Peru,,,0,2023
Robyn,Ditty,$4478.67,United States,3,Peru,6,2016
Vidovic,Rontsch,$2528.71,Brazil,1,United States,1,2019
Jaymie,MacAless,$3013.01,Peru,,,6,2019
Rhoda,Ashling,$4164.54,Brazil,2,Brazil,6,2017
Benoite,Chandler,$2253.70,Peru,1,Brazil,9,2020
Farah,Treble,$2108.34,United States,0,Brazil,3,2018
Mikkel,Sugg,$4996.05,United States,0,Brazil,2,2020
Lenore,Ravel,$2402.53,Peru,2,Brazil,2,2022
Elfrieda,Tows,$4500.51,Peru,0,Brazil,2,2020
Alexa,Measor,$3977.97,Brazil,2,Brazil,6,2017
Skipp,Padley,$3464.21,Brazil,1,Brazil,3,2017
Ara,Snozzwell,$3975.38,United States,3,Peru,8,2023
Alvie,de Cullip,$3091.55,United States,0,Brazil,10,2019
Esta,Dufall,$2946.63,Brazil,,,8,2021
Cirstoforo,Pankhurst.,$3931.62,United States,1,Brazil,5,2015
Dixie,Chatterton,$2345.79,United States,3,Brazil,10,2019
Bili,Rhucroft,$2177.74,Brazil,1,Brazil,6,2023
Gregg,Novelli,$1064.54,Peru,3,Peru,10,2017
Margery,,$2847.76,,3,Brazil,0,2020
Josiah,Gendrich,$4809.68,Brazil,,,7,2018
Milt,Curmi,$1172.54,Brazil,1,Peru,4,2022
Dore,Stallworthy,$2839.57,Brazil,1,Peru,8,2019
Franny,Gotling,$4230.67,Costa Rica,0,Peru,8,2015
Dot,Chartres,$3354.64,Brazil,0,United States,4,2017
Birch,Pleace,$4951.78,United States,3,Peru,8,2017
Ardelia,Ilewicz,$4199.61,United States,0,United States,10,2019
Fifine,Danforth,$3246.82,United States,1,Brazil,10,2015
Susannah,Eskell,$1677.22,Brazil,3,United States,10,2023
Richart,Lemonnier,$1086.05,Brazil,2,Peru,4,2021
Carl,Biernacki,$2717.02,Peru,1,United States,5,2023
Magdalen,Dikels,$3139.21,United States,3,Brazil,0,2022
Ash,Flag,$4623.31,Brazil,1,Brazil,6,2023
Efrem,Schule,$4599.39,United States,3,Peru,10,2021
Harriett,Powelee,$1650.14,Brazil,0,Brazil,7,2017
Tilda,Vlasin,$2048.26,Brazil,2,Chile,10,2023
Curtice,Amery,$2674.92,United States,0,Brazil,7,2022
Ronny,Lambeth,$2515.64,United States,3,Peru,5,2023
Freddie,Kerr,$2708.54,Brazil,0,United States,1,2020
Pammi,Sor,$1051.89,Brazil,1,United States,6,2019
Johnath,Vogl,$1941.43,Costa Rica,3,United States,10,2017
Thorsten,Radmer,$1101.49,United States,0,Peru,3,2023
Antonin,Macon,$4966.18,United States,1,Costa Rica,8,2017
Barbe,Venn,$4530.18,Peru,3,Brazil,5,2021
Etheline,Duffin,$2874.53,Peru,1,Peru,5,2017
Celestyn,Chardin,$1115.05,Brazil,1,,2,2019
Skell,Phinnessy,$2603.93,Brazil,1,United States,7,2018
Prentiss,Jewiss,$4392.01,Brazil,0,Costa Rica,1,2022
Abdel,Bridgeman,$4624.68,Brazil,2,United States,9,2017
Cindie,Fane,$4564.38,Costa Rica,2,United States,4,2023
Pauli,Sturges,$3009.48,United States,1,Brazil,1,2018
Stephannie,Lemm,$1388.88,Costa Rica,0,United States,1,2023
Irene,McComiskey,$2589.59,United States,3,Brazil,8,2023
Wald,Fincke,$4641.02,United States,3,United States,2,2022
Tuckie,McKleod,$3398.60,Brazil,3,Brazil,1,2017
Carlen,Pallis,$4802.68,United States,0,Brazil,5,2016
Wendeline,Mulcaster,$1760.91,Peru,0,Brazil,4,2017
Randall,Pickard,$3514.57,Costa Rica,2,Peru,8,2023
Alli,Stillwell,$2024.17,United States,0,United States,8,2020
Janaya,Lindstrom,$3956.75,Brazil,2,Brazil,0,2020
Celia,Pavluk,$2097.79,Brazil,3,Brazil,8,2019
Juditha,Pittson,$4768.97,Peru,1,Brazil,8,2023
Viviyan,Leasor,$2710.02,Brazil,0,United States,6,2015
Jolynn,Duddin,$1963.97,Brazil,3,Brazil,5,2016
Jillie,Takkos,$1529.10,Peru,0,Brazil,1,2015
Archibold,Jakaway,$2912.43,Australia,2,Chile,3,2019
Saloma,Philip,$1922.09,Peru,2,Peru,5,2015
Sheffy,D'Cruze,$1070.63,Brazil,2,Brazil,4,2015
Else,Jorgesen,$4920.64,United States,0,Chile,5,2017
Edmon,Potteril,$3016.39,United States,3,United States,10,2023
Daisy,Cock,$2632.30,United States,3,Brazil,4,2020
Gil,Owen,$3116.37,Brazil,0,United States,0,2021
Mallissa,Anear,$4687.39,Brazil,2,Peru,7,2016
Rebecca,Papes,$2660.26,Brazil,0,Peru,2,2016
Giacopo,Yarrow,$2896.69,Brazil,0,United States,2,2021
Aigneis,McCay,$2056.03,Peru,1,United States,7,2022
Martainn,Parsonage,$3519.15,Peru,2,,10,2016
Cale,Remington,$1052.29,Brazil,0,Brazil,9,2019
Sari,Lamberto,$2291.75,Brazil,1,Peru,4,2021
Inge,Roobottom,$1038.11,Peru,3,United States,8,2023
Moore,Alexandrescu,$1350.52,Brazil,0,Peru,0,2020
Jarib,Pentlow,$4040.84,Brazil,2,Costa Rica,9,2021
Sara,Skea,$4587.58,United States,1,United States,6,2021
Aretha,Gommey,$4800.52,Brazil,2,Brazil,8,2018
Heloise,Witter,$1041.84,Brazil,1,Brazil,8,2017
Almeta,Balassi,$1188.37,Brazil,2,Peru,4,2017
Rutherford,Singyard,$2140.97,Brazil,2,Brazil,4,2018
Galen,Georgiades,$2683.90,Brazil,2,United States,9,2017
Les,Thompson,$3595.72,Brazil,3,Peru,9,2022
Clovis,Skahill,$1441.27,United States,3,Brazil,9,2015
Karney,Jeanneau,$4267.87,United States,1,Brazil,6,2020
Clemmy,Andriss,$1060.30,United States,2,Peru,1,2018
Michal,Beszant,$1704.44,United States,0,United States,5,2022
Hieronymus,Rossbrooke,$3374.87,Brazil,2,Brazil,6,2018
Adela,Esser,$4440.16,United States,0,Brazil,5,2021
Merla,Vasyutin,$2708.19,United States,2,Italy,3,2016
Laird,Wyllcocks,$2074.09,Brazil,0,United States,10,2019
Esma,Linscott,$4730.40,Brazil,0,Peru,1,2018
Ulrika,Salvadori,$2503.09,United States,0,United States,2,2023
Jana,McNevin,$1074.27,United States,0,Brazil,2,2016
Kelbee,Cuttin,$3273.58,Brazil,3,Brazil,6,2019
Leanor,Backhouse,$3072.83,Brazil,3,United States,6,2019
Jorry,Alman,$3671.48,Brazil,3,United States,2,2023
Austin,Koppes,$2808.95,Australia,1,Peru,8,2016
Stacee,Kunzelmann,$3265.56,Peru,2,Peru,1,2022
Beniamino,Discombe,$3771.27,United States,3,Brazil,8,2015
Marni,Noni,$3348.51,Brazil,3,United States,4,2017
Leonid,Norree,$3338.55,Brazil,2,Brazil,4,2015
Florance,Blasi,$3354.84,Brazil,,,8,2018
Sheffy,Braycotton,$4021.92,Brazil,,,2,2021
Oona,Hearmon,$3812.45,Brazil,1,Brazil,2,2022
Grace,Begin,$3985.05,Peru,1,United States,5,2020
Diana,Haruard,$1701.97,Peru,2,United States,4,2022
Stephanie,Sunley,$2844.92,United States,2,United States,4,2018
Raymund,Severy,$3824.65,Brazil,3,Peru,6,2016
Tristam,Screech,$1951.38,United States,1,,6,2016
Rusty,Sparhawk,$2478.12,Brazil,0,Peru,2,2019
Fredia,Kirman,$2818.29,Costa Rica,1,United States,3,2019
Nolie,Bolstridge,$3501.45,Australia,3,Brazil,2,2022
Mischa,Blois,$2615.03,Peru,3,Peru,1,2022
Dominica,Enga,$1501.86,Peru,3,Brazil,7,2017
Sybyl,Burdass,$2391.18,Brazil,2,Brazil,2,2018
Pierce,Jauncey,$4314.03,Brazil,0,Peru,1,2022
Roana,Carty,$1150.88,Peru,3,Brazil,3,2020
Adrea,Ripper,$4623.22,United States,2,Brazil,7,2015
Robinia,Laughlan,$3079.48,Brazil,2,United States,6,2015
Margie,Mattersey,$4118.86,Brazil,0,Brazil,6,2023
Goldi,Alejandri,$3790.87,Brazil,0,United States,7,2018
Paola,Allberry,$2336.13,Peru,1,Brazil,2,2015
Erhart,Thaller,$1611.87,Brazil,3,Brazil,7,2023
Analiese,Giacomuzzi,$4255.29,Brazil,3,Italy,0,2023
Esdras,Kineton,$4205.14,Brazil,0,Chile,3,2019
Christos,Cowtherd,$1389.81,Australia,1,United States,4,2015
Leonard,Rosoman,$4958.93,Brazil,2,United States,7,2016
Mersey,Earingey,$1950.60,Brazil,0,Brazil,8,2018
Clovis,Warde,$3247.29,Brazil,3,Brazil,8,2018
Zackariah,Badrock,$4744.13,United States,2,Brazil,10,2017
Garrott,Athersmith,$3670.69,Peru,3,Brazil,4,2017
Jereme,Maior,$2571.61,Brazil,1,Peru,10,2015
Lethia,Womack,$1113.12,Peru,0,Peru,6,2017
Lisbeth,Patria,$4548.58,United States,,,4,2021
Micah,Folshom,$3831.69,United States,2,Peru,2,2017
Laurette,Wey,$4594.44,Costa Rica,1,Brazil,4,2021
Guenna,Mathouse,$2908.60,Peru,2,Peru,5,2019
Rafi,La Wille,$4601.62,Brazil,3,Brazil,8,2015
Abbie,Bineham,$3661.95,Brazil,3,United States,2,2017
Dita,Vieyra,$4351.52,Peru,3,Brazil,6,2020
Chadwick,Foyston,$4956.35,Brazil,0,Brazil,0,2019
Truman,Stuck,$2943.18,Brazil,0,Chile,2,2022
Faber,,$1160.23,,1,Brazil,1,2017
Burke,Pritchett,$2885.72,Brazil,3,United States,4,2016
Jorie,Muehle,$2282.04,Peru,1,Brazil,5,2015
Lazare,Goodoune,$3320.94,United States,1,Brazil,1,2017
Dorelia,Cassimer,$2368.99,United States,0,Brazil,6,2016
Kata,Ablitt,$4915.63,United States,2,Brazil,8,2018
Talbot,Redbourn,$1268.49,United States,1,United States,5,2017
Dewain,Sircomb,$1370.39,Brazil,,,0,2021
Ahmad,Brightling,$3415.81,Brazil,3,United States,5,2021
Danny,Djakovic,$3544.83,Brazil,2,Brazil,6,2017
Carolin,Brett,$3358.97,United States,0,Brazil,3,2021
Dillon,Boothroyd,$3264.05,Brazil,1,Brazil,6,2016
Neron,Kwiek,$2845.49,Brazil,1,Brazil,0,2021
Tibold,Arnowicz,$2334.72,Brazil,2,,0,2017
Wally,Gores,$4844.78,Brazil,3,Brazil,5,2021
Sayre,Garci,$2211.80,Peru,2,United States,2,2017
Anett,Coleshill,$3433.38,Brazil,3,Peru,0,2019
Gaultiero,,$3904.49,,2,Brazil,4,2020
Lynea,Romke,$1984.42,Peru,0,Brazil,8,2015
Rickard,Beauman,$3929.28,Peru,3,Brazil,5,2019
Dunstan,Johnson,$4350.27,Brazil,3,United States,4,2020
Trenna,Westby,$2996.65,Brazil,3,United States,5,2023
Aleen,Gaudin,$4368.18,Brazil,2,United States,4,2016
Morgun,Week,$1637.75,United States,1,Brazil,9,2016
Padriac,Bolzmann,$2402.48,Brazil,3,Brazil,2,2022
Aldric,Awcoate,$2266.03,United States,2,United States,3,2020
Norbie,Itzkowicz,$4111.61,Brazil,0,United States,10,2023
Ezmeralda,Rope,$3766.05,United States,1,Brazil,4,2015
Quintus,Dow,$3974.46,Brazil,1,Brazil,2,2018
Doe,Siflet,$3015.01,Peru,2,United States,9,2022
Mirilla,Snalham,$3372.11,Peru,,,8,2023
Barbaraanne,Heathcott,$3405.06,Brazil,2,Brazil,4,2016
Maribeth,Petersen,$4697.62,Brazil,3,Brazil,3,2016
Noelani,Rooze,$2135.72,Brazil,3,Brazil,10,2023
Antonella,Ceschelli,$2937.31,Peru,3,United States,2,2016
Roy,Feare,$3472.20,United States,3,Brazil,8,2023
Sheela,Alexsandrov,$2985.34,United States,1,Brazil,3,2017
Glennie,Whitmore,$2737.45,United States,0,Brazil,10,2015
Mitch,Zanassi,$1711.60,United States,3,United States,8,2022
Latrina,Silverson,$1869.64,Peru,0,Chile,9,2019
Aime,Hedgeley,$1461.97,Brazil,0,United States,3,2018
Aluino,Hackworthy,$3216.64,Brazil,0,United States,7,2018
Peirce,Arnao,$2428.98,Brazil,1,Peru,9,2016
Yoko,Sparks,$4598.18,Peru,0,United States,7,2015
Orella,Wearing,$1620.40,Brazil,2,Peru,10,2020
Codi,Joddins,$4364.38,Brazil,1,Brazil,0,2019
Lynnell,Malby,$4259.36,Brazil,3,Peru,10,2020
Leroi,O'Crowley,$3383.70,Brazil,0,Brazil,2,2021
Drusie,Morrant,$3285.56,United States,2,,6,2019
Conchita,Elks,$3059.82,Brazil,0,Brazil,5,2019
Vlad,Dunbobbin,$2031.02,Costa Rica,2,Australia,1,2023
Kylie,Locks,$1102.67,Brazil,1,Peru,1,2023
Miran,Capewell,$4217.70,Brazil,2,Peru,2,2015
Reidar,Midford,$2057.10,Brazil,0,Brazil,5,2016
Herschel,Wittke,$2865.75,Brazil,2,Chile,7,2018
Lynsey,Handrik,$1600.89,United States,2,Brazil,5,2015
Nichol,Rickards,$4249.38,Brazil,0,United States,9,2023
Gerianna,Sonner,$4268.66,Brazil,3,Brazil,0,2021
Winthrop,Form,$1955.97,United States,3,United States,4,2017
Hillie,Belfitt,$1779.52,Costa Rica,2,United States,7,2021
Ximenez,,$2172.87,,0,Brazil,1,2022
Hailee,Wallsworth,$4676.21,Brazil,2,Peru,0,2020
Dara,Jahnel,$2522.86,Brazil,1,Peru,2,2022
Karin,MacLese,$1171.36,Peru,2,United States,8,2020
Mortimer,Peterken,$3265.07,Peru,1,Brazil,8,2015
Kaia,Quelch,$3837.75,Peru,1,United States,0,2016
Norina,Schleicher,$1917.55,Australia,2,Brazil,10,2023
Nathaniel,Mullaly,$1451.10,Brazil,3,United States,6,2018
Raymond,Briance,$4344.31,United States,2,United States,10,2020
Dian,Wharf,$3222.82,Brazil,2,Brazil,4,2019
Kriste,Alliott,$1397.65,United States,0,United States,0,2016
Zebadiah,Lampert,$3594.19,Brazil,0,United States,6,2022
Ashly,Crisell,$4470.16,Brazil,0,Peru,2,2023
Verene,Wisdom,$3331.92,Peru,0,Peru,7,2020
Ira,Kezor,$3982.59,Brazil,2,United States,6,2017
Meyer,Lannin,$4038.30,United States,0,Brazil,3,2019
Germain,Maddrell,$2179.32,Brazil,1,Peru,1,2021
Hubie,Somerset,$3780.07,Brazil,3,Peru,8,2019
Lorna,Delagua,$1178.19,Peru,1,Brazil,1,2019
Danie,Gallaccio,$4680.92,United States,0,Brazil,3,2023
Ranice,Twining,$2147.77,United States,1,Brazil,10,2019
Blanch,Ibarra,$2158.60,United States,,,5,2016
Man,Kalderon,$2710.93,Brazil,3,United States,0,2020
Yalonda,Gillman,$2729.66,United States,3,Brazil,4,2018
Parry,Osburn,$2383.11,Brazil,0,United States,10,2017
Lazarus,Mancell,$4126.15,Brazil,0,Chile,4,2022
Leanna,Goddman,$2861.58,United States,3,Brazil,2,2018
Ally,De Lorenzo,$2491.98,United States,2,United States,5,2020
Theresita,Blacktin,$1476.26,Brazil,2,Brazil,9,2020
Free,Scalia,$2060.83,Brazil,2,Brazil,5,2023
Juditha,Middlemass,$4429.88,Brazil,1,United States,8,2015
Sully,Derges,$1580.87,Peru,1,Brazil,10,2017
Yardley,Gunstone,$2482.62,United States,0,Brazil,1,2021
Dedra,Warbrick,$4985.81,Brazil,3,United States,6,2015
Udell,Bullant,$1652.36,Brazil,0,United States,5,2019
Dominick,Casolla,$4768.21,United States,3,Brazil,6,2018
Agnesse,Sagrott,$4015.17,United States,3,Brazil,9,2022
Jacintha,Scorey,$2694.24,Brazil,1,Brazil,7,2018
Chery,Wieprecht,$2352.18,Brazil,0,Peru,5,2021
Kaitlynn,Lisciandri,$2673.67,Brazil,3,United States,7,2019
Phillip,Durbin,$1055.11,Brazil,3,United States,4,2021
Patsy,McFade,$3609.88,United States,2,Peru,2,2017
Cece,Costock,$2454.54,United States,2,Peru,1,2023
Carolyn,Swidenbank,$1011.66,Brazil,3,Brazil,1,2020
Monique,Salliere,$1355.99,Brazil,,,2,2020
Martyn,Pyser,$2606.16,Brazil,1,United States,5,2019
Humberto,,$4117.34,,3,Brazil,10,2023
Lindy,Fleisch,$3656.04,Brazil,2,United States,4,2016
Bennie,,$4839.43,,,,0,2015
Stefa,Cavie,$4025.46,Peru,3,Australia,7,2017
Dori,Chaudret,$4087.64,Brazil,,,4,2022
Kalindi,,$3177.11,,0,United States,0,2018
Ernesta,Fullalove,$3497.85,Peru,3,,7,2019
Fallon,McBlain,$3146.98,United States,1,Brazil,5,2023
Clarice,Minghella,$3607.94,Brazil,1,Peru,5,2018
Roseanne,Wapple,$3124.43,Peru,1,United States,4,2021
Tiphanie,Lefridge,$3362.41,Peru,,,4,2019
Lina,Evens,$4523.18,Brazil,1,United States,5,2021
Phoebe,Garrand,$4097.09,Brazil,3,Brazil,0,2019
Blondie,MacGlory,$2082.22,Peru,1,United States,5,2016
Ange,Cashin,$3770.02,United States,1,Brazil,2,2015
Leon,Lockier,$1695.78,Peru,1,United States,1,2016
Falkner,Hawler,$1866.18,United States,1,United States,5,2021
Ardella,Biers,$1184.17,United States,0,Brazil,9,2017
Humbert,Geary,$3414.14,Peru,1,Brazil,5,2022
Orrin,Crose,$1125.80,United States,1,United States,2,2023
Christina,Lovett,$4966.61,Brazil,0,Brazil,8,2015
Doti,Van't Hoff,$3279.45,Peru,3,United States,7,2020
Armstrong,Starrs,$4221.98,Brazil,0,United States,9,2018
Hew,Penketh,$4042.89,Brazil,1,Brazil,4,2017
Lind,Fearfull,$4460.41,Brazil,0,United States,6,2018
Daniella,Carson,$4940.15,Brazil,1,Brazil,1,2016
Kai,Culham,$3063.15,Peru,2,United States,4,2021
Marjorie,Birkenshaw,$2183.99,Brazil,3,United States,9,2023
Harmon,Larrat,$1458.39,Brazil,2,Brazil,1,2019
Korie,Windrum,$4419.45,Brazil,2,Costa Rica,0,2016
Cloe,Breeds,$4404.56,Peru,2,United States,6,2017
Noelle,Lightning,$4777.34,Brazil,3,Brazil,2,2019
Cletis,Miller,$2350.84,Brazil,2,Peru,7,2016
Gratiana,Trewman,$2915.77,United States,3,United States,9,2020
Rhodie,Pendre,$2500.97,Brazil,0,Brazil,8,2020
Rhett,Simonsen,$4191.50,Brazil,3,United States,7,2016
Lauren,Scarrott,$2130.76,Peru,0,United States,2,2016
Fitz,Davidofski,$1244.49,Brazil,2,Brazil,8,2017
Georgeanne,Gryglewski,$4188.33,United States,0,Brazil,3,2017
Tiler,McNerlin,$3005.41,Brazil,1,Chile,1,2022
Raquel,Ledgard,$4477.31,Peru,2,Brazil,6,2023
Farly,Minghi,$4197.06,Brazil,1,Brazil,6,2022
Husein,McCuffie,$4760.34,Brazil,1,Peru,3,2020
Mahalia,,$4181.90,,2,United States,4,2021
Edgardo,Selley,$4456.50,Brazil,2,United States,0,2018
Cort,,$1072.25,,2,Brazil,6,2020
Harman,Amthor,$3084.73,Brazil,1,United States,6,2021
Alvie,Sadd,$2341.71,Peru,0,Brazil,5,2023
Kurtis,Hindshaw,$3220.23,Brazil,2,Brazil,5,2022
Iain,Talton,$2698.40,United States,2,Brazil,9,2016
Moyra,Cookney,$2594.06,Brazil,3,Brazil,2,2023
Cathrin,Bodicum,$3792.11,United States,3,,2,2017
Myca,Ciepluch,$1673.20,Brazil,1,Peru,8,2020
Claudia,O' Faherty,$4477.43,Brazil,1,Brazil,4,2019
Rosemaria,Westrey,$1715.88,United States,0,Brazil,2,2019
Jeffy,Agglio,$1419.50,Peru,3,Brazil,2,2023
Torey,Watmough,$2626.32,Peru,3,Brazil,7,2023
Trenton,Autrie,$4026.38,Peru,2,Brazil,1,2016
Byram,Lukock,$4623.23,Peru,1,Brazil,10,2016
Domingo,Reinert,$4560.96,United States,3,Brazil,8,2017
Cthrine,Jacombs,$3893.15,United States,0,United States,0,2021
Barnard,Mc Corley,$3501.20,Peru,2,United States,0,2022
Aili,Maberley,$2519.95,Brazil,3,United States,8,2015
Wilek,,$4994.29,,2,United States,0,2016
Cristina,Bousquet,$2125.40,Brazil,2,United States,2,2022
Loren,Sultan,$4879.97,Peru,0,Brazil,6,2016
Clemmie,Elnough,$3178.27,Brazil,2,Peru,5,2020
Amberly,,$3526.29,,3,United States,5,2018
Yoko,Stutt,$3758.48,United States,1,Chile,0,2023
Fenelia,Sheircliffe,$3859.48,Peru,0,Peru,1,2022
Jack,Axten,$3309.33,Peru,2,United States,8,2018
El,Wall,$2915.36,Brazil,1,Brazil,7,2015
Jaye,Shuard,$1096.55,Brazil,,,4,2019
Bobinette,Banbury,$1536.58,Brazil,1,United States,4,2021
Sawyer,Osinin,$3620.23,United States,,,5,2020
Timmie,Immer,$4872.04,Peru,0,United States,1,2018
Justino,Brownstein,$3534.56,Peru,2,Brazil,4,2020
Agustin,Larderot,$1422.67,Brazil,0,Brazil,10,2020
Norbert,Tayloe,$4598.10,Brazil,0,Peru,5,2021
Eachelle,Steuart,$1667.76,Peru,3,Chile,8,2017
Durante,Abelevitz,$3539.85,Brazil,2,Brazil,2,2022
Xenia,Gadd,$2742.58,United States,2,United States,3,2021
Butch,Janikowski,$3146.34,Peru,3,Brazil,6,2018
Edwina,Baton,$2379.09,United States,0,Costa Rica,7,2017
Pavlov,Willment,$3579.47,Brazil,1,Brazil,2,2015
Genna,Bladder,$1241.22,Peru,3,Chile,0,2018
Fleming,Pickerill,$1531.80,Brazil,2,Costa Rica,6,2020
Brittni,Temlett,$3104.28,United States,1,Brazil,6,2022
Vally,Welbourn,$3326.24,Brazil,0,Brazil,8,2022
Ossie,Greated,$4654.46,Brazil,2,Brazil,7,2020
Damiano,Dumbrill,$2103.90,Peru,3,Brazil,8,2017
Jehu,Ambrosini,$1233.33,Brazil,2,Peru,1,2019
Candice,Lathwood,$4651.72,Brazil,2,Peru,9,2023
Chancey,Donke,$4899.42,Brazil,,,8,2021
Maurine,Harsant,$4375.83,Brazil,2,Peru,9,2017
Zachary,Cressar,$4004.49,Brazil,0,,5,2016
Kamilah,Haswell,$3162.28,Brazil,2,Brazil,2,2016
Lesley,Coombs,$4683.16,Brazil,0,Brazil,1,2019
Pia,Dounbare,$4997.90,Brazil,2,Brazil,5,2021
Bald,Trenam,$1853.02,Brazil,3,United States,6,2021
Devonna,Seeman,$1388.29,Peru,2,United States,5,2016
Cassandre,Ruddle,$2485.29,Peru,0,Chile,3,2015
Leyla,Gauntlett,$2490.91,Brazil,3,Brazil,1,2023
Kaleena,Andrew,$2251.63,Peru,1,Brazil,2,2015
Zachary,Townrow,$3913.71,Brazil,3,Chile,7,2022
Ozzie,Strotton,$4882.99,Peru,1,Peru,1,2019
Hurley,Ongin,$2841.97,Peru,,,0,2020
Josiah,Magnar,$3950.84,United States,3,Chile,3,2023
Taber,Parlor,$3410.93,Brazil,2,Brazil,0,2020
Jessalyn,Punton,$4731.31,Peru,,,0,2017
Babara,Sebrens,$2155.56,Brazil,1,United States,9,2023
Lillian,Bradford,$3648.87,Brazil,3,Peru,0,2015
Jada,Lemarie,$1265.34,Peru,1,United States,7,2020
Ki,Borthe,$1475.59,United States,3,Brazil,0,2022
Mia,Hubane,$3714.55,Peru,0,Brazil,7,2015
Tersina,Gallant,$1400.64,Brazil,1,Chile,8,2019
Maureene,Rogeon,$3382.50,United States,3,Brazil,0,2023
Gibby,Raiker,$1281.53,United States,0,United States,3,2023
Janice,Cicculini,$3560.02,Brazil,2,United States,5,2017
Liuka,Dartan,$4271.67,Peru,3,United States,10,2021
Vlad,Benardeau,$4651.87,Brazil,0,United States,1,2019
Linnet,Jilliss,$3881.23,United States,0,Peru,4,2018
Roxana,Wraith,$2346.46,United States,3,Peru,2,2019
Farr,Khilkov,$3851.43,Brazil,0,Brazil,6,2023
Netty,Jewis,$4210.89,Brazil,2,Peru,0,2017
Sara,Cogin,$4944.27,Brazil,0,Brazil,7,2021
Tawnya,Clingoe,$3449.55,Peru,0,Peru,2,2016
Blair,Luffman,$3924.56,Brazil,3,Brazil,7,2020
Alla,Ambrosini,$3449.38,Peru,2,Brazil,7,2018
Corny,Borwick,$3436.48,Peru,1,Brazil,6,2020
Ginevra,Burchett,$3693.24,Peru,2,United States,6,2019
Inessa,Menloe,$2551.44,Peru,0,United States,6,2023
Anett,Corde,$2497.12,Brazil,1,Brazil,1,2016
Ddene,Starsmeare,$2635.48,Brazil,3,United States,6,2018
Taite,MacHoste,$2149.69,Peru,3,Brazil,4,2021
Gaye,Celes,$4684.43,Brazil,1,Peru,3,2020
Burr,Delcastel,$3151.22,United States,0,United States,8,2021
Robbie,Sherwin,$2662.25,United States,0,Brazil,5,2020
Roda,Avesque,$4323.33,Brazil,3,United States,4,2023
Welch,Andrey,$4142.74,United States,2,Peru,6,2020
Alfy,Klich,$4198.54,Peru,1,Brazil,1,2019
Victoria,Vigors,$1527.79,Brazil,3,Brazil,6,2021
Alair,Castanaga,$1149.41,Brazil,3,Brazil,2,2022
Marabel,Norval,$1389.09,Peru,0,Brazil,2,2018
Prentice,Ros,$2173.53,Brazil,0,United States,7,2017
Irwin,Mainz,$4318.25,Brazil,2,Brazil,9,2015
Kiley,Seebert,$2375.18,Brazil,2,United States,0,2015
Beaufort,Burnel,$3657.57,United States,3,Brazil,5,2022
Lyndsey,Diloway,$4489.25,United States,0,Peru,10,2023
Welch,Konerding,$1872.91,Brazil,,,10,2019
Trude,Del Castello,$3798.32,Brazil,1,United States,6,2021
Calhoun,Kyrkeman,$1822.06,Peru,3,,5,2016
Alexis,Burbank,$2477.26,Brazil,0,United States,2,2022
Anselm,,$3408.40,,2,Brazil,5,2022
Celestia,Doxey,$2867.90,Brazil,1,United States,6,2018
Violet,Idwal Evans,$1344.33,Peru,3,Brazil,7,2020
Dino,Siely,$1417.29,Brazil,2,Brazil,7,2021
Jaquenette,Skegg,$3766.28,Brazil,0,Brazil,4,2018
Steve,Rosterne,$4811.88,United States,,,0,2016
Retha,Tuminelli,$4089.74,United States,2,Costa Rica,4,2023
Cynde,Dowdam,$4985.63,Peru,2,Brazil,9,2021
Sissie,Kuschek,$1320.83,Brazil,2,Brazil,8,2017
Sabina,Davenport,$3343.12,United States,,,3,2016
Jenni,Comer,$4103.32,United States,2,United States,2,2022
Welbie,Bullas,$4743.02,Brazil,1,Brazil,9,2018
Gussy,Jackways,$4194.25,Brazil,0,Brazil,2,2020
Rinaldo,Domini,$3091.25,United States,1,Brazil,10,2022
Filmore,Timbs,$2473.65,Brazil,3,Brazil,1,2016
Prince,Spittle,$1013.35,United States,,,3,2023
Matty,Kennifick,$1181.69,United States,,,3,2016
Maiga,Baldery,$2133.91,Brazil,2,Chile,9,2020
Pieter,Anselmi,$1037.81,Brazil,0,Peru,0,2015
Jessey,Wollaston,$2029.66,Brazil,2,Brazil,10,2020
Ambrosi,Ion,$2573.43,Brazil,0,Peru,10,2015
Gleda,Folan,$3888.74,Brazil,,,10,2023
Nadine,Howle,$4200.07,Peru,3,Peru,10,2019
Bibbie,Eakly,$3968.64,Brazil,2,Peru,7,2015
Maxi,Shemmans,$4667.12,Peru,,,9,2023
Ty,Parker,$1379.70,Costa Rica,1,Brazil,5,2020
Delcine,Rodder,$2397.43,Peru,1,Brazil,9,2021
Mallissa,Mackley,$3583.83,Brazil,,,0,2019
Mirabella,Sycamore,$3290.86,Brazil,3,Peru,1,2019
Gustavus,Edinburough,$2524.63,Brazil,0,Brazil,0,2015
Peirce,Le Marquand,$3618.89,Brazil,2,Peru,1,2016
Julita,Jiroudek,$4553.77,United States,0,Brazil,6,2016
Weylin,Lindenblatt,$3438.72,Brazil,2,Brazil,1,2022
Rodrique,Nassau,$4935.26,Brazil,0,Brazil,6,2017
Myrilla,,$4726.88,,3,Brazil,7,2021
Darryl,Falck,$2178.21,United States,3,,8,2016
Geoff,Felder,$3401.52,Costa Rica,2,Brazil,1,2020
Danit,Blundell,$2311.70,Brazil,3,Brazil,6,2023
Adrianne,Greguol,$3704.01,United States,2,Peru,7,2023
Mala,Wainscot,$2732.01,United States,0,Peru,7,2022
Katha,Boxell,$4320.99,Brazil,0,Peru,1,2022
Garland,Leathlay,$4740.92,Brazil,3,Brazil,7,2018
Neysa,Negro,$4644.68,United States,3,Brazil,5,2019
Mead,Mullan,$2443.93,United States,3,Brazil,1,2017
Reyna,Temlett,$1899.65,Brazil,2,Brazil,2,2016
Clerc,Lougheid,$4311.40,Brazil,3,United States,3,2016
Tessy,Charlick,$3238.76,United States,3,United States,5,2023
Odele,Santello,$2506.94,Brazil,2,United States,6,2023
Bryanty,Gerhts,$3962.91,Brazil,0,Brazil,8,2020
Shandeigh,Pirot,$3073.72,Brazil,1,Brazil,7,2015
Ransom,Cappineer,$2124.47,Peru,3,Brazil,6,2023
Elmer,Baigent,$3320.22,Peru,,,10,2019
Charil,,$1482.46,,2,Brazil,8,2022
Grenville,McCurtain,$1489.58,United States,2,United States,2,2019
Angelique,Lester,$2573.50,Peru,3,Brazil,5,2023
Chrisse,Cromar,$3879.60,Brazil,3,United States,9,2017
Marla,De Mitris,$2504.22,Brazil,3,Italy,8,2021
Jorrie,Cliffe,$1968.19,United States,3,United States,10,2019
Darell,Bolus,$2142.27,Brazil,,,1,2020
Tatum,Klimentov,$4824.42,Brazil,3,United States,2,2015
Amy,Maslin,$4161.15,Brazil,2,Peru,9,2021
Janetta,Romain,$4969.59,Brazil,3,Peru,8,2016
Loni,Megany,$1496.61,United States,3,Brazil,0,2017
Courtney,,$2969.64,,1,Peru,2,2023
Lanny,Clifforth,$1220.05,Peru,2,Peru,4,2017
Karita,Adamowitz,$3604.82,Brazil,3,United States,1,2019
Pembroke,,$1153.08,,,,0,2021
Oralia,,$2728.77,,2,Peru,1,2023
Clair,Granville,$4383.41,Brazil,0,Brazil,2,2023
Marlane,Leversha,$2816.41,United States,1,Peru,2,2017
Odele,Reese,$4137.75,Peru,0,United States,7,2019
Valerye,Bartusek,$2525.71,United States,2,United States,9,2018
Stu,Stacey,$1530.03,Peru,3,Peru,3,2015
Fulvia,Ennew,$3683.55,Brazil,2,Brazil,8,2022
Adriaens,Cavozzi,$3701.33,Brazil,3,Brazil,9,2017
Katuscha,Week,$4084.18,Brazil,0,Brazil,1,2023
Adara,Blanc,$4694.68,Brazil,2,United States,10,2016
Mario,Whithorn,$4075.20,Peru,0,Brazil,7,2018
Tobiah,Soanes,$3025.60,Brazil,3,Costa Rica,2,2022
Cahra,Swaite,$3583.02,Peru,1,Italy,4,2017
Trixi,Cawkill,$1071.57,Brazil,1,,8,2019
Clari,Cronin,$1909.81,United States,0,Peru,3,2022
Standford,Lambswood,$3391.70,Brazil,3,Peru,2,2021
Dana,La Wille,$3400.47,Peru,0,Peru,9,2018
Garnet,Grinham,$4929.55,Brazil,1,Brazil,8,2021
Juliana,Ryson,$2266.96,Peru,2,United States,6,2021
Karoly,Gabbetis,$3697.39,Brazil,3,Brazil,9,2018
Norine,Brunroth,$3240.49,Peru,2,Brazil,1,2015
Francene,Mooring,$3144.30,Brazil,3,Brazil,3,2019
Hillery,Harden,$2777.41,Costa Rica,2,Brazil,7,2019
Fiona,Douce,$4043.53,Brazil,1,Peru,8,2019
Teador,Murgatroyd,$1010.67,Peru,0,Brazil,4,2019
Vinnie,Szanto,$4172.02,Brazil,1,Brazil,5,2020
Kristoforo,Shillam,$4332.47,Brazil,3,Brazil,2,2021
Shalom,Ingleton,$3202.49,Australia,3,Peru,8,2018
Galvan,Arpin,$2723.94,Brazil,0,Brazil,2,2020
Agnella,Casillis,$3095.99,Brazil,0,United States,8,2020
Francisco,Solleme,$2511.67,Brazil,1,Brazil,10,2021
Damien,Ogers,$4905.64,Peru,2,United States,1,2021
Oriana,Botting,$2171.60,Brazil,2,Brazil,9,2023
Shani,Creese,$4105.82,United States,1,Brazil,8,2015
Devina,Davidovitch,$2194.30,United States,,,3,2016
Auberon,Gerram,$2525.86,Costa Rica,3,United States,6,2020
Lilyan,Cluett,$4823.63,Brazil,0,United States,9,2023
Nolana,McPharlain,$4571.23,United States,3,Peru,0,2023
Darren,,$1003.85,,2,Brazil,3,2022
Camey,Bollen,$2408.24,Brazil,2,Brazil,3,2016
Lorry,Aspole,$1804.47,United States,0,,7,2017
Aloysius,Skein,$4544.98,Brazil,3,Brazil,2,2023
Cameron,Marple,$4271.17,Brazil,0,United States,6,2018
Eberto,Braven,$2049.62,United States,1,Brazil,3,2020
Gerri,Doche,$1120.26,Brazil,2,Brazil,9,2018
Cesar,Cortese,$2662.48,Peru,2,United States,2,2017
Gustav,Thornham,$1589.48,United States,1,Brazil,5,2020
Amata,,$2438.22,,,,0,2016
Inger,Como,$2858.56,Peru,1,Brazil,4,2023
Freeman,Kellie,$4967.17,Peru,,,0,2022
Paquito,Moir,$4408.01,United States,,,9,2017
Quinlan,Turfin,$3414.66,Peru,3,Brazil,0,2019
Charmion,Dixcey,$2112.06,Costa Rica,2,United States,6,2022
Nelly,Filewood,$4831.66,Brazil,3,Brazil,2,2021
Patrica,Lowson,$3413.35,Brazil,0,Chile,9,2020
Jenifer,Brymham,$3144.76,Peru,3,Brazil,0,2019
Rivalee,Jobey,$4319.83,Brazil,1,Costa Rica,4,2019
Berti,Coundley,$4882.34,United States,1,Brazil,5,2017
Morgen,Simek,$4396.45,United States,2,Brazil,0,2021
Frederigo,Matyushonok,$1577.83,United States,2,Brazil,4,2020
Corabella,Ranscombe,$2881.21,United States,1,Brazil,6,2016
Clerkclaude,Grestye,$4232.33,Brazil,2,Peru,3,2016
Ferne,Kenward,$4672.75,Brazil,,,0,2015
Gabbey,Chastang,$2219.11,Brazil,1,Brazil,5,2022
Lilias,Clemont,$3230.07,Peru,1,United States,10,2019
Angy,Mesant,$2546.78,Brazil,0,Brazil,6,2019
Bronny,,$4062.26,,2,Brazil,5,2020
Pier,Lung,$2735.74,Brazil,1,Chile,6,2018
Terri,Enterle,$4843.67,Brazil,0,Brazil,7,2015
Joelly,,$1114.21,,0,Brazil,10,2017
Boothe,Jeppensen,$2450.25,United States,0,Brazil,7,2017
Danna,Fothergill,$4747.79,Brazil,2,Peru,4,2017
Georgine,,$4219.93,,1,United States,5,2020
Gerek,Maryet,$4676.14,Costa Rica,1,Brazil,7,2015
Aigneis,Prestner,$4956.22,Peru,3,Brazil,6,2022
Willow,Bexley,$2656.16,Brazil,1,United States,0,2017
Pamela,Pennycord,$4892.10,Peru,0,Brazil,7,2018
Sibeal,Sinkin,$3441.31,United States,0,Peru,2,2016
Berke,Plan,$3624.16,Brazil,2,Brazil,3,2021
Bobby,,$2888.73,,1,Brazil,3,2022
Blondie,MacParland,$3160.21,Brazil,2,United States,1,2016
Michal,Davidoff,$1005.37,United States,1,,3,2018
Laurie,Abramzon,$2129.81,United States,3,Brazil,4,2018
Janeczka,Rosewarne,$1786.43,Peru,0,Peru,8,2015
Bronson,Meritt,$4002.38,Peru,2,Peru,2,2021
Garrik,Reynish,$3411.75,United States,2,Brazil,0,2023
Lynsey,Ludman,$1564.03,Peru,2,United States,1,2019
Maudie,Stuchburie,$3447.07,Peru,0,Chile,3,2020
Zared,,$3294.22,,1,United States,10,2019
Simone,Whines,$1515.32,Brazil,0,Brazil,7,2017
Belva,Tankard,$2993.56,Brazil,1,Brazil,6,2015
Lexi,Yglesias,$3902.74,Peru,,,0,2017
Mickey,Bindon,$3490.18,United States,,,9,2022
Ronni,Crandon,$4988.88,Peru,2,United States,8,2019
Lory,Devericks,$1809.26,United States,0,United States,6,2021
Megen,Andrini,$4939.09,Brazil,3,United States,3,2018
Mohandas,Oki,$3284.40,Brazil,1,Brazil,6,2017
Eli,Bergstrand,$1916.03,United States,2,Brazil,0,2023
Saunders,,$4785.30,,1,Brazil,7,2022
Antonin,Assaf,$3995.41,Brazil,2,Australia,9,2021
Raquel,Atlay,$3780.70,Brazil,2,Brazil,7,2015
Arlette,MacKnight,$3988.32,Brazil,2,Peru,8,2022
Debra,Keems,$1579.00,Brazil,1,Brazil,3,2017
Benedetta,Grunnell,$2154.84,Peru,1,United States,1,2017
Appolonia,Willavize,$4671.83,Brazil,3,United States,2,2017
Tedd,Mourant,$1417.72,Brazil,2,Peru,2,2017
Daloris,Jewise,$2098.70,Peru,3,Brazil,0,2022
Ronna,O'Flynn,$1954.35,Brazil,2,Peru,1,2023
Jeralee,Duligall,$2276.22,Brazil,0,United States,7,2022
Bertrand,Sawney,$3331.25,Brazil,1,United States,10,2020
Erminia,Smallpeice,$1765.74,Costa Rica,0,Peru,2,2015
Berny,Crampton,$4271.90,United States,0,Peru,1,2021
Corrina,Champe,$2390.80,Brazil,0,Peru,8,2020
Clerkclaude,Cribbin,$3240.20,Brazil,0,United States,7,2022
Tiler,Krink,$1705.56,Brazil,1,Peru,5,2021
Stepha,Laffling,$2207.67,Brazil,,,1,2019
Buffy,Gorvette,$2651.05,Brazil,0,United States,0,2018
Blondy,Kensett,$3295.00,United States,0,Australia,9,2018
Melisa,Bibey,$3781.23,Brazil,3,Chile,5,2015
Nara,Crimes,$1116.19,Brazil,3,Brazil,1,2023
Aubrie,Whisby,$1865.72,Brazil,1,United States,10,2022
Red,Escritt,$1472.86,Brazil,2,Brazil,1,2015
Simeon,Ellse,$2757.33,United States,1,Australia,1,2015
Bonnibelle,Thyng,$4136.24,United States,2,,4,2017
Welbie,Drillot,$1541.48,Brazil,0,Chile,9,2020
Callean,Prewer,$3791.89,Brazil,0,Brazil,0,2015
Serena,Startin,$4542.09,Peru,0,Brazil,8,2015
Christi,O' Meara,$2762.62,United States,1,United States,4,2021
Gerda,Hek,$3856.01,United States,2,United States,5,2017
Heindrick,Tinkler,$3635.15,Brazil,1,Chile,8,2017
Juline,Dabnot,$4463.84,Brazil,0,United States,7,2017
Barrie,Bernat,$4006.76,Brazil,1,Australia,0,2015
Josselyn,Soloway,$3914.95,Peru,1,Brazil,2,2023
Goldina,Basley,$2031.47,Peru,3,Brazil,0,2021
Munmro,Kermannes,$3064.72,Brazil,3,Brazil,0,2023
Randie,De Biasi,$3032.29,United States,0,Peru,1,2023
Dedie,Lutwyche,$1422.64,Brazil,1,Brazil,1,2017
Kalila,Orth,$2456.23,Brazil,2,United States,5,2021
Gaultiero,Kaaskooper,$4670.04,Brazil,,,8,2016
Kare,Foley,$2266.67,Peru,2,Peru,2,2015
Alana,Dineen,$4001.00,Peru,3,United States,10,2017
Tim,Roby,$1863.00,Costa Rica,0,Brazil,6,2016
Nathalie,Origan,$3974.36,Peru,1,Chile,5,2022
Isadore,Treneer,$1297.50,United States,0,United States,1,2016
Isidor,Iacopo,$1270.10,United States,1,Brazil,9,2015
Hasty,Dominique,$2598.95,Brazil,3,Peru,6,2018
Ulises,Schottli,$2513.78,Peru,1,Brazil,10,2018
Brigitta,Pietraszek,$4599.67,Brazil,2,United States,10,2015
Evaleen,Bloss,$4083.55,Brazil,1,Brazil,6,2019
Terrill,Esel,$3650.44,United States,0,Brazil,8,2023
Val,Awdry,$2191.90,United States,0,United States,8,2020
Mallory,Shallow,$4256.08,Brazil,0,Brazil,2,2017
Leda,Fitch,$2291.86,Australia,0,Brazil,5,2020
Murry,,$2943.64,,2,United States,8,2017
Jeanie,Doyland,$2403.12,Brazil,2,Brazil,2,2018
Cedric,Compston,$1560.68,Peru,3,Brazil,10,2016
Pepe,Goulbourn,$3711.73,Brazil,,,7,2017
Menard,Coulling,$3742.31,United States,0,United States,7,2018
Tedmund,Toal,$3751.33,Brazil,3,United States,5,2020
Vida,Gullane,$1338.00,Peru,0,Brazil,1,2023
Coral,Matz,$4805.62,Brazil,1,Peru,5,2015
Haydon,Fitzsimmons,$2908.17,Brazil,0,Brazil,9,2021
Rebbecca,Voff,$1944.96,Brazil,2,Brazil,2,2015
Dyna,Perring,$3439.84,Brazil,2,United States,10,2023
Regan,Switland,$3574.71,Peru,3,United States,4,2016
Martin,Naper,$1092.08,Brazil,,,0,2020
Burlie,Hasselby,$4480.85,United States,2,Brazil,0,2015
Ray,Garza,$4576.08,United States,2,Brazil,9,2022
Marji,Handscomb,$1778.70,United States,2,,8,2018
Chelsey,Joy,$2259.13,Brazil,2,Brazil,6,2015
Ben,Bruckenthal,$4576.69,Brazil,3,United States,9,2019
Millicent,Bakes,$1474.88,United States,1,Brazil,9,2018
Godiva,Bosnell,$2248.60,United States,1,Chile,0,2020
Barnie,Illwell,$3296.89,Brazil,0,Brazil,6,2021
Fawne,Greasley,$3880.54,Brazil,,,1,2023
Broderick,Stow,$3320.71,Brazil,3,United States,7,2017
Donaugh,Bloomfield,$4998.89,United States,1,Brazil,7,2015
Kara-lynn,Thomsson,$3041.67,Brazil,2,Brazil,8,2018
Merrill,Mindenhall,$4155.83,Peru,2,Brazil,8,2015
Benton,Clayworth,$1204.70,Costa Rica,2,United States,2,2020
Dorothea,Andriveau,$2148.11,Peru,0,Peru,0,2016
Paulina,Lyte,$1563.63,Peru,1,United States,0,2019
Leanora,Duham,$2350.73,Peru,1,Brazil,8,2018
Dare,Milam,$4468.17,United States,0,Brazil,8,2019
Robyn,Ainslie,$4798.53,Brazil,3,Costa Rica,7,2015
Eudora,McCarney,$3865.78,Brazil,2,Brazil,10,2019
Timmy,Jude,$2688.53,Brazil,,,9,2017
Terry,Salkild,$2144.78,Brazil,,,8,2023
Lizette,Fleischmann,$2486.42,Brazil,,,9,2018
Towny,Hrihorovich,$2144.09,Brazil,3,Brazil,8,2020
Wilbert,Skewis,$3253.38,Peru,3,Brazil,9,2019
Quintus,Shoosmith,$3955.93,United States,2,Peru,6,2018
Halli,Drayn,$1582.19,United States,1,Italy,5,2017
Cathlene,Ellams,$4124.33,Peru,,,0,2019
Amalee,Cornford,$3912.55,Brazil,3,United States,6,2023
Bartolemo,Gilmour,$2359.01,United States,3,Australia,4,2015
Reggis,Jeune,$1764.28,Brazil,2,Peru,0,2017
Edith,Lowrance,$4936.74,Brazil,1,Brazil,2,2021
Linnet,Ludee,$3019.00,Brazil,3,Peru,1,2020
Diarmid,,$3381.68,,0,Brazil,1,2018
Martita,Ruddiforth,$1081.70,United States,1,Brazil,3,2020
Eleanor,Acomb,$2910.76,Peru,0,Brazil,1,2023
Konstanze,Cattle,$4485.07,Peru,1,Brazil,8,2018
Lisle,Worssam,$2152.68,United States,1,Peru,8,2021
Ursa,,$1278.58,,2,Brazil,10,2015
Saba,Chamney,$1046.06,Brazil,2,United States,10,2021
Rori,Goucher,$3001.44,Peru,1,United States,0,2020
Sabrina,Arents,$3278.27,Brazil,1,Peru,7,2020
Letta,Pietranek,$1849.14,Brazil,3,,6,2015
Carl,MacRorie,$2793.67,Brazil,1,Brazil,8,2019
Gian,Jeffress,$4059.37,Brazil,2,Brazil,4,2019
Mordy,Turbill,$4775.29,Brazil,1,Costa Rica,0,2016
Shane,Bean,$2595.64,United States,2,Brazil,2,2020
Darlleen,Thraves,$2177.72,Peru,3,Peru,3,2020
Bevon,Mincini,$4692.27,Brazil,2,United States,8,2019
Dyana,Hoult,$1262.55,Brazil,0,United States,6,2023
Kermie,Gress,$4594.69,Brazil,3,Australia,5,2017
Mal,McGlashan,$4302.72,United States,2,Brazil,1,2023
Audi,Szach,$4542.51,Peru,0,Costa Rica,10,2019
Clerissa,Jude,$2104.79,Brazil,1,Brazil,2,2015
Berky,Pinder,$4784.07,United States,1,Costa Rica,5,2023
Victoir,Keeves,$3141.79,Brazil,1,Brazil,10,2022
Tani,Ledbetter,$3416.12,Peru,0,Brazil,1,2020
Elinore,Maffioletti,$2197.17,Brazil,0,United States,10,2015
Jerrylee,Samwyse,$4102.48,Peru,1,Brazil,0,2022
Donnajean,McAuslan,$2051.47,United States,0,Peru,3,2017
Jemmy,Saunper,$2263.00,Peru,0,United States,3,2021
Jenine,Wagge,$4511.41,Brazil,,,3,2017
Berget,Plumer,$3796.60,United States,1,Chile,10,2022
Charissa,Piercy,$3529.91,Costa Rica,1,Italy,5,2020
Stillman,Olpin,$1953.49,Brazil,3,Costa Rica,8,2018
Garrard,Lampert,$3577.56,United States,3,Peru,3,2020
Fionnula,Rignold,$1097.34,Brazil,3,United States,5,2018
Opal,Loadman,$1971.37,United States,0,Peru,0,2019
Donovan,Weerdenburg,$3609.22,Brazil,3,Brazil,3,2023
Reynold,Strute,$4796.95,United States,1,Peru,3,2017
Donetta,,$3596.98,,1,United States,8,2020
Dukey,Saylor,$3204.43,United States,2,Brazil,5,2021
Peder,Bellwood,$3113.68,Peru,3,United States,6,2023
Durand,Habershon,$2183.03,Peru,,,1,2023
Herold,Rantoul,$4639.56,Brazil,,,9,2017
Misty,Lassen,$3422.26,Brazil,2,Chile,2,2016
Prudence,Besemer,$2325.69,Brazil,0,Brazil,0,2015
Zahara,Catton,$2231.62,Peru,2,United States,9,2020
Frasquito,Nelthorpe,$2985.63,Brazil,0,United States,9,2018
Junina,Dybbe,$1198.62,United States,0,Peru,5,2019
Roslyn,Gall,$4005.88,United States,1,Peru,8,2022
Chrissy,Carwithan,$2656.65,United States,,,6,2021
Jayme,Hospital,$3923.45,Peru,0,,3,2016
Maxwell,Wilcocke,$3934.06,Brazil,1,United States,1,2015
Emmy,Fishpond,$3710.94,Brazil,0,United States,2,2017
Eward,Alleyn,$1373.38,Brazil,2,United States,3,2018
Brett,Sigart,$1814.16,United States,0,United States,4,2016
Kathye,Fletcher,$2636.28,Brazil,2,Brazil,5,2019
Sloan,Jefferies,$4139.02,United States,1,United States,7,2020
Donavon,,$2788.35,,,,0,2018
Alejandrina,Chsteney,$2490.54,Peru,3,Peru,0,2018
Araldo,Maciejewski,$3936.06,Brazil,1,Brazil,8,2017
Veronique,Tysack,$2961.56,Peru,3,United States,4,2019
Giffard,Hubach,$2722.30,Brazil,1,United States,10,2019
Esra,Pitrollo,$1801.92,Brazil,0,Brazil,1,2016
Susannah,,$2451.88,,3,Brazil,1,2015
Gannie,Pyzer,$2082.61,United States,2,United States,1,2018
Free,Schurcke,$2344.71,United States,0,Brazil,7,2023
Derk,Jeandot,$3064.24,Peru,1,Brazil,9,2021
Kearney,Ewbach,$3066.45,Brazil,0,Brazil,7,2016
Beitris,Boissier,$4767.01,Brazil,3,Brazil,0,2019
